{
  "train_accuracy": 0.8641463626116361,
  "train_f1_macro": 0.861838606029444
}