{
  "train_accuracy": 0.9499127796738718,
  "train_f1_macro": 0.9486835836763334
}