{
  "val_accuracy": 0.784698619685094,
  "val_f1_macro": 0.7683772483368407,
  "val_f1_weighted": 0.7877288017932759
}