{
  "train_accuracy": 0.9427682973075464,
  "train_f1_macro": 0.9433268288880805
}