{
  "val_accuracy": 0.7827933503215629,
  "val_f1_macro": 0.7592992628246102,
  "val_f1_weighted": 0.7840061389785447
}