{
  "val_accuracy": 0.7979007402014319,
  "val_f1_macro": 0.7743296175406607,
  "val_f1_weighted": 0.7986089972911766
}