{
  "val_accuracy": 0.7917305686767683,
  "val_f1_macro": 0.7721158790685664,
  "val_f1_weighted": 0.7944989745682418
}