{
  "train_accuracy": 0.9531778375097546,
  "train_f1_macro": 0.9521052625564761
}