{
  "train_accuracy": 0.9757299962078119,
  "train_f1_macro": 0.9752676911320733
}