{
  "train_accuracy": 0.9655365946150929,
  "train_f1_macro": 0.965043668003849
}