{
  "train_accuracy": 0.9783693591202124,
  "train_f1_macro": 0.9780408831995561
}