{
  "train_accuracy": 0.9717102768297308,
  "train_f1_macro": 0.9711899202470453
}