{
  "train_accuracy": 0.9499582859309822,
  "train_f1_macro": 0.9489161157508861
}