{
  "train_accuracy": 0.8639438045428751,
  "train_f1_macro": 0.8611757201496775
}